-- ============================================================
-- SEED DATA: Delhi Hospitals, Doctors, Specialties, Treatments
-- Run this AFTER 001_initial_schema.sql has been applied
-- ============================================================

-- ─── Specialties ───────────────────────────────────────────
INSERT INTO specialties (id, name, slug, description) VALUES
  ('c0000001-0000-0000-0000-000000000001', 'Cardiology', 'cardiology', 'Heart care, bypass surgery, valve replacement, angioplasty, and cardiac rehabilitation.'),
  ('c0000001-0000-0000-0000-000000000002', 'Orthopedics', 'orthopedics', 'Joint replacement, spine care, sports injury treatment, and fracture management.'),
  ('c0000001-0000-0000-0000-000000000003', 'Neurology', 'neurology', 'Stroke care, spine disorders, movement disorders, epilepsy, and neurosurgery coordination.'),
  ('c0000001-0000-0000-0000-000000000004', 'Oncology', 'oncology', 'Cancer diagnosis, chemotherapy, radiation therapy, surgical oncology, and second opinions.'),
  ('c0000001-0000-0000-0000-000000000005', 'Gastroenterology', 'gastroenterology', 'Digestive health, liver care, bariatric surgery, endoscopy, and transplant evaluation.'),
  ('c0000001-0000-0000-0000-000000000006', 'Nephrology', 'nephrology', 'Kidney disease care, dialysis planning, transplant evaluation, and post-treatment support.'),
  ('c0000001-0000-0000-0000-000000000007', 'Urology', 'urology', 'Kidney stones, prostate care, robotic urology surgery, and male reproductive health.'),
  ('c0000001-0000-0000-0000-000000000008', 'Fertility', 'fertility', 'IVF, ICSI, fertility diagnostics, embryo transfer, and reproductive medicine coordination.'),
  ('c0000001-0000-0000-0000-000000000009', 'Transplant', 'transplant', 'Kidney, liver, and bone marrow transplant evaluation with long-stay support planning.'),
  ('c0000001-0000-0000-0000-000000000010', 'Dental', 'dental', 'Dental implants, smile design, oral surgery, and staged treatment planning for visitors.'),
  ('c0000001-0000-0000-0000-000000000011', 'Ophthalmology', 'ophthalmology', 'Cataract, retina, LASIK, glaucoma, and advanced eye-care procedures.'),
  ('c0000001-0000-0000-0000-000000000012', 'Cosmetic Surgery', 'cosmetic-surgery', 'Aesthetic and reconstructive procedures with privacy-focused recovery planning.')
ON CONFLICT (slug) DO NOTHING;

-- ─── Hospitals (16 Delhi / NCR) ────────────────────────────
INSERT INTO hospitals (id, name, slug, logo_url, city, state, beds_count, accreditations, about, is_featured) VALUES
(
  'a0000001-0000-0000-0000-000000000002',
  'Medanta - The Medicity',
  'medanta-the-medicity',
  '/images/hospital-medanta.webp',
  'Gurugram',
  'Haryana',
  1250,
  ARRAY['JCI', 'NABH'],
  'Medanta is one of India''s largest multi-specialty hospitals with a dedicated international patient wing. It features 45+ operating theatres, advanced robotic surgery systems, and world-renowned cardiac, oncology, transplant, and orthopaedic programs led by Dr. Naresh Trehan.',
  true
),
(
  'a0000001-0000-0000-0000-000000000003',
  'Apollo Hospitals Indraprastha',
  'apollo-hospitals-delhi',
  '/images/hospital-apollo.webp',
  'New Delhi',
  'Delhi',
  700,
  ARRAY['JCI', 'NABH'],
  'Apollo Hospitals Indraprastha is a flagship tertiary care hospital in South East Asia with internationally accredited programs in cardiac sciences, oncology, neurosciences, orthopedics, and organ transplantation. It has a dedicated international patient services desk with multi-lingual coordinators.',
  true
),
(
  'a0000001-0000-0000-0000-000000000004',
  'Fortis Escorts Heart Institute',
  'fortis-escorts-heart-institute',
  '/images/hospital-fortis-escorts.webp',
  'New Delhi',
  'Delhi',
  485,
  ARRAY['JCI', 'NABH'],
  'Fortis Escorts Heart Institute is India''s most recognised cardiac care hospital, performing over 15,000 cardiac surgeries annually. It offers comprehensive heart care including coronary bypass, valve replacement, angioplasty, and pediatric cardiac surgery with world-class success rates.',
  true
),
(
  'a0000001-0000-0000-0000-000000000005',
  'Max Super Speciality Hospital Saket',
  'max-super-speciality-hospital-saket',
  '/images/hospital-max-saket.webp',
  'New Delhi',
  'Delhi',
  680,
  ARRAY['JCI', 'NABH'],
  'Max Super Speciality Hospital Saket is a multi-specialty tertiary care hospital known for its advanced neurosciences, bone marrow transplant program, cardiac care, and oncology services. It features state-of-the-art infrastructure including India''s first BrainSUITE and a dedicated international patient centre.',
  true
),
(
  'a0000001-0000-0000-0000-000000000006',
  'Sir Ganga Ram Hospital',
  'sir-ganga-ram-hospital',
  '/images/hospital-ganga-ram.webp',
  'New Delhi',
  'Delhi',
  650,
  ARRAY['NABH', 'ISO 9001'],
  'Sir Ganga Ram Hospital is a premier multi-specialty hospital in New Delhi with a 70-year legacy of medical excellence. It offers comprehensive care across cardiology, gastroenterology, nephrology, urology, and obstetrics with an outstanding reputation for ethical medical practice.',
  true
),
(
  'a0000001-0000-0000-0000-000000000007',
  'BLK-Max Super Speciality Hospital',
  'blk-max-super-speciality-hospital',
  '/images/hospital-blk.webp',
  'New Delhi',
  'Delhi',
  650,
  ARRAY['JCI', 'NABH'],
  'BLK-Max Super Speciality Hospital is a leading healthcare facility in Central Delhi with 650 beds, 150+ critical care beds, and 17 super-speciality departments. It is particularly renowned for paediatric cardiac surgery, orthopedics, fertility treatment, and bone marrow transplant.',
  true
),
(
  'a0000001-0000-0000-0000-000000000008',
  'Artemis Hospital Gurugram',
  'artemis-hospital-gurugram',
  '/images/hospital-artemis.webp',
  'Gurugram',
  'Haryana',
  500,
  ARRAY['JCI', 'NABH'],
  'Artemis Hospital is a state-of-the-art multi-specialty hospital in Gurugram with JCI accreditation. It offers advanced care in cardiology, orthopedics, IVF, and oncology with a focus on medical tourism, providing end-to-end services for international patients including visa assistance and airport transfers.',
  true
),
(
  'a0000001-0000-0000-0000-000000000009',
  'Fortis Memorial Research Institute',
  'fortis-memorial-research-institute',
  '/images/hospital-fmri.webp',
  'Gurugram',
  'Haryana',
  1000,
  ARRAY['JCI', 'NABH'],
  'Fortis Memorial Research Institute (FMRI) is a flagship quaternary care hospital with a strong international patient program. It has dedicated centres for oncology, neurosciences, orthopedics, cardiac care, and liver transplant, featuring cutting-edge technology like the Da Vinci Xi robotic system.',
  true
),
(
  'a0000001-0000-0000-0000-00000000000a',
  'Manipal Hospital Dwarka',
  'manipal-hospital-dwarka',
  '/images/hospital-manipal.webp',
  'New Delhi',
  'Delhi',
  380,
  ARRAY['NABH', 'ISO 9001'],
  'Manipal Hospital Dwarka is a multi-specialty tertiary care hospital serving West Delhi. It offers comprehensive healthcare services including cardiology, orthopedics, neurology, and gastroenterology with a focus on patient safety and clinical excellence.',
  false
),
(
  'a0000001-0000-0000-0000-00000000000b',
  'Indian Spinal Injuries Centre',
  'indian-spinal-injuries-centre',
  '/images/hospital-spinal.webp',
  'New Delhi',
  'Delhi',
  250,
  ARRAY['NABH', 'ISO 9001'],
  'The Indian Spinal Injuries Centre is Asia''s premier institute for spine care and rehabilitation. It offers comprehensive treatment for spinal trauma, degenerative spine conditions, sports injuries, and rehabilitation services with world-class surgical outcomes.',
  false
),
(
  'a0000001-0000-0000-0000-00000000000c',
  'Venkateshwar Hospital',
  'venkateshwar-hospital',
  '/images/hospital-venkateshwar.webp',
  'New Delhi',
  'Delhi',
  350,
  ARRAY['NABH'],
  'Venkateshwar Hospital is a multi-super-speciality hospital in Dwarka, West Delhi, offering advanced medical care in gastroenterology, cardiology, orthopedics, nephrology, and general surgery at competitive prices for international patients.',
  false
),
(
  'a0000001-0000-0000-0000-00000000000d',
  'Saroj Super Speciality Hospital',
  'saroj-super-speciality-hospital',
  '/images/hospital-saroj.webp',
  'New Delhi',
  'Delhi',
 300,
  ARRAY['NABH'],
  'Saroj Super Speciality Hospital is a well-established medical facility in Central Delhi known for its urology, nephrology, and general surgery departments. It offers affordable treatment options with experienced senior consultants.',
  false
),
(
  'a0000001-0000-0000-0000-00000000000e',
  'Paras Hospital Gurugram',
  'paras-hospital-gurugram',
  '/images/hospital-paras.webp',
  'Gurugram',
  'Haryana',
  350,
  ARRAY['NABH', 'ISO 9001'],
  'Paras Hospital is a multi-specialty tertiary care hospital in Gurugram with expertise in gastroenterology, bariatric surgery, orthopedics, and fertility treatment. It is known for its patient-centric approach and affordable international patient packages.',
  false
),
(
  'a0000001-0000-0000-0000-00000000000f',
  'Narayana Superspeciality Hospital Gurugram',
  'narayana-superspeciality-hospital-gurugram',
  '/images/hospital-narayana.webp',
  'Gurugram',
  'Haryana',
  450,
  ARRAY['NABH', 'ISO 9001'],
  'Narayana Superspeciality Hospital is part of the renowned Narayana Health chain, offering affordable cardiac care, oncology, orthopedics, and neurosurgery. It is known for high-volume, low-cost cardiac surgery programs with outcomes matching global benchmarks.',
  false
),
(
  'a0000001-0000-0000-0000-000000000010',
  'Moolchand Hospital',
  'moolchand-hospital',
  '/images/hospital-moolchand.webp',
  'New Delhi',
  'Delhi',
  325,
  ARRAY['NABH', 'ISO 9001'],
  'Moolchand Hospital is a 325-bed multi-specialty hospital in South Delhi with a 70-year legacy. It offers comprehensive care in ophthalmology, orthopedics, cardiology, and women''s health with a dedicated international patient desk.',
  false
),
(
  'a0000001-0000-0000-0000-000000000011',
  'Columbia Asia Hospital Gurugram',
  'columbia-asia-hospital-gurugram',
  '/images/hospital-columbia.webp',
  'Gurugram',
  'Haryana',
  200,
  ARRAY['JCI', 'NABH'],
  'Columbia Asia Hospital is a JCI-accredited tertiary care facility in Gurugram offering comprehensive services in orthopedics, cardiology, and general surgery. It is known for its warm patient-centric approach and efficient international patient coordination.',
  false
)
ON CONFLICT (slug) DO NOTHING;

-- ─── Doctors (35+ Delhi / NCR) ────────────────────────────
INSERT INTO doctors (id, name, slug, photo_url, experience_years, hospital_id, specialties, qualifications, about, is_featured) VALUES
(
  'b0000001-0000-0000-0000-000000000001',
  'Dr. Rajesh Sharma',
  'dr-rajesh-sharma',
  '/images/doctor-sharma.webp',
  28,
  'a0000001-0000-0000-0000-000000000004',
  ARRAY['Cardiac Surgery'],
  'MBBS, MS, MCh Cardiothoracic Surgery',
  'Senior cardiac surgeon at Fortis Escorts with expertise in complex coronary bypass, valve repair, and paediatric cardiac surgery. Has performed over 10,000 cardiac procedures.',
  true
),
(
  'b0000001-0000-0000-0000-000000000002',
  'Dr. Naresh Trehan',
  'dr-naresh-trehan',
  '/images/doctor-trehan.webp',
  45,
  'a0000001-0000-0000-0000-000000000002',
  ARRAY['Cardiac Surgery'],
  'MBBS, MD, FACS',
  'World-renowned cardiovascular surgeon and Chairman of Medanta. Recipient of Padma Shri and Dr. B. C. Roy Award. Pioneer in minimally invasive cardiac surgery in India.',
  true
),
(
  'b0000001-0000-0000-0000-000000000003',
  'Dr. Priya Singh',
  'dr-priya-singh',
  '/images/doctor-singh.webp',
  18,
  'a0000001-0000-0000-0000-000000000005',
  ARRAY['Neurology'],
  'MBBS, MD Medicine, DM Neurology',
  'Consultant neurologist at Max Super Speciality Hospital specializing in stroke care, movement disorders, epilepsy management, and neuro-immunology. Published over 40 research papers.',
  true
),
(
  'b0000001-0000-0000-0000-000000000004',
  'Dr. Ashok Seth',
  'dr-ashok-seth',
  '/images/doctor-seth.webp',
  40,
  'a0000001-0000-0000-0000-000000000004',
  ARRAY['Cardiology'],
  'MBBS, MD, DM Cardiology, FACC',
  'Chairman of Cardiology at Fortis Escorts. Padma Shri awardee and pioneer of coronary angioplasty in India. Has performed over 35,000 coronary interventions.',
  true
),
(
  'b0000001-0000-0000-0000-000000000005',
  'Dr. Arvind Kumar',
  'dr-arvind-kumar',
  '/images/doctor-kumar.webp',
  32,
  'a0000001-0000-0000-0000-000000000002',
  ARRAY['Oncology'],
  'MBBS, MS, MCh Surgical Oncology',
  'Leading chest and thoracic oncology surgeon at Medanta. Pioneer of minimally invasive thoracic surgery in India. Expert in lung cancer and mediastinal tumor surgery.',
  true
),
(
  'b0000001-0000-0000-0000-000000000006',
  'Dr. Atul Prasad',
  'dr-atul-prasad',
  '/images/doctor-prasad.webp',
  25,
  'a0000001-0000-0000-0000-000000000002',
  ARRAY['Neurology'],
  'MBBS, MD Medicine, DM Neurology',
  'Principal Director of Neurology at Medanta. Specialist in stroke management, epilepsy surgery evaluation, and neurodegenerative disorders.',
  true
),
(
  'b0000001-0000-0000-0000-000000000007',
  'Dr. Ishwar Bohra',
  'dr-ishwar-bohra',
  '/images/doctor-bohra.webp',
  22,
  'a0000001-0000-0000-0000-000000000002',
  ARRAY['Orthopedics'],
  'MBBS, MS Orthopedics, FRCS',
  'Senior orthopedic surgeon at Medanta specializing in hip and knee replacement surgeries. Has performed over 8,000 joint replacement procedures with a focus on rapid recovery protocols.',
  true
),
(
  'b0000001-0000-0000-0000-000000000008',
  'Dr. Subhash Gupta',
  'dr-subhash-gupta',
  '/images/doctor-gupta.webp',
  30,
  'a0000001-0000-0000-0000-000000000002',
  ARRAY['Transplant', 'Liver Surgery'],
  'MBBS, MS, FRCS',
  'Chairman of Liver Transplant & Biliary Sciences at Medanta. Has performed over 1,500 living donor liver transplants with success rates matching global standards.',
  true
),
(
  'b0000001-0000-0000-0000-000000000009',
  'Dr. Anupam Saha',
  'dr-anupam-saha',
  '/images/doctor-saha.webp',
  26,
  'a0000001-0000-0000-0000-000000000003',
  ARRAY['Neurosurgery'],
  'MBBS, MS, MCh Neurosurgery',
  'Senior neurosurgeon at Apollo Indraprastha specializing in brain tumor surgery, spine stabilization, and cerebrovascular interventions. Expertise in awake craniotomy procedures.',
  true
),
(
  'b0000001-0000-0000-0000-000000000010',
  'Dr. Sandeep Vaishya',
  'dr-sandeep-vaishya',
  '/images/doctor-vaishya.webp',
  28,
  'a0000001-0000-0000-0000-000000000005',
  ARRAY['Neurosurgery'],
  'MBBS, MS, MCh Neurosurgery',
  'Executive Director of Neurosurgery at Max Saket. Specialist in brain tumor surgery, deep brain stimulation, and complex spine surgery. Performed over 5,000 neurosurgical procedures.',
  true
),
(
  'b0000001-0000-0000-0000-000000000011',
  'Dr. Deepak K. Tempe',
  'dr-deepak-tempe',
  '/images/doctor-tempe.webp',
  35,
  'a0000001-0000-0000-0000-000000000006',
  ARRAY['Cardiology'],
  'MBBS, MD, DM Cardiology',
  'Senior cardiologist at Sir Ganga Ram Hospital with vast experience in interventional cardiology, coronary angioplasty, and pacemaker implantation.',
  false
),
(
  'b0000001-0000-0000-0000-000000000012',
  'Dr. Anil Arora',
  'dr-anil-arora',
  '/images/doctor-arora.webp',
  32,
  'a0000001-0000-0000-0000-000000000006',
  ARRAY['Gastroenterology'],
  'MBBS, MD, DM Gastroenterology',
  'Chairman of Gastroenterology at Sir Ganga Ram Hospital. Expert in therapeutic endoscopy, ERCP, and inflammatory bowel disease management.',
  false
),
(
  'b0000001-0000-0000-0000-000000000013',
  'Dr. Vikas Dua',
  'dr-vikas-dua',
  '/images/doctor-dua.webp',
  20,
  'a0000001-0000-0000-0000-000000000005',
  ARRAY['Oncology', 'Hematology'],
  'MBBS, MD, DM Hematology',
  'Director of Paediatric Hematology & Bone Marrow Transplant at Max Saket. Has performed over 500 bone marrow transplants including haploidentical and matched unrelated donor transplants.',
  false
),
(
  'b0000001-0000-0000-0000-000000000014',
  'Dr. Yash Gulati',
  'dr-yash-gulati',
  '/images/doctor-gulati.webp',
  30,
  'a0000001-0000-0000-0000-000000000007',
  ARRAY['Orthopedics'],
  'MBBS, MS Orthopedics, MCh Orthopedics',
  'Senior orthopedic surgeon at BLK-Max with expertise in joint replacement, arthroscopy, and sports medicine. Has trained at leading orthopedic centres in the UK and Australia.',
  false
),
(
  'b0000001-0000-0000-0000-000000000015',
  'Dr. Rashmi Taluja',
  'dr-rashmi-taluja',
  '/images/doctor-taluja.webp',
  22,
  'a0000001-0000-0000-0000-000000000008',
  ARRAY['Fertility', 'IVF'],
  'MBBS, MS, FRCOG',
  'Senior IVF and fertility specialist at Artemis Hospital. Specialist in recurrent pregnancy loss, PCOS management, and advanced reproductive techniques including ICSI and egg donation.',
  true
),
(
  'b0000001-0000-0000-0000-000000000016',
  'Dr. Vivek Vij',
  'dr-vivek-vij',
  '/images/doctor-vij.webp',
  24,
  'a0000001-0000-0000-0000-000000000009',
  ARRAY['Transplant', 'Liver Surgery'],
  'MBBS, MS, FRCS',
  'Director of Liver Transplant at Fortis FMRI. Has performed over 1,000 liver transplants with excellent outcomes. Pioneer in ABO-incompatible liver transplantation in India.',
  false
),
(
  'b0000001-0000-0000-0000-000000000017',
  'Dr. H.S. Chhabra',
  'dr-hs-chhabra',
  '/images/doctor-chhabra.webp',
  38,
  'a0000001-0000-0000-0000-00000000000b',
  ARRAY['Spine Surgery'],
  'MBBS, MS Orthopedics, FICS',
  'Chief of Spine Services at Indian Spinal Injuries Centre. Pioneer of spine deformity correction and minimally invasive spine surgery in India. Awarded Padma Shri for contributions to spine care.',
  true
),
(
  'b0000001-0000-0000-0000-000000000018',
  'Dr. Rakesh Gupta',
  'dr-rakesh-gupta',
  '/images/doctor-gupta2.webp',
  27,
  'a0000001-0000-0000-0000-000000000008',
  ARRAY['Cardiology'],
  'MBBS, MD, DM Cardiology',
  'Senior interventional cardiologist at Artemis Hospital specializing in complex coronary interventions, peripheral angioplasty, and structural heart disease treatment.',
  false
),
(
  'b0000001-0000-0000-0000-000000000019',
  'Dr. Manoj Miglani',
  'dr-manoj-miglani',
  '/images/doctor-miglani.webp',
  25,
  'a0000001-0000-0000-0000-000000000008',
  ARRAY['Orthopedics'],
  'MBBS, MS Orthopedics, FRCS',
  'Senior orthopedic surgeon at Artemis Hospital specializing in joint replacement, arthroscopic surgery, and complex trauma reconstruction.',
  false
),
(
  'b0000001-0000-0000-0000-000000000020',
  'Dr. Aditi Sharma',
  'dr-aditi-sharma',
  '/images/doctor-sharma2.webp',
  16,
  'a0000001-0000-0000-0000-000000000007',
  ARRAY['Fertility', 'IVF'],
  'MBBS, MD, DNB Obstetrics & Gynecology',
  'Fertility specialist at BLK-Max with expertise in IVF, ICSI, fertility preservation, and reproductive endocrinology. Known for compassionate patient care.',
  false
),
(
  'b0000001-0000-0000-0000-000000000021',
  'Dr. Sameer Kaushal',
  'dr-sameer-kaushal',
  '/images/doctor-kaushal.webp',
  24,
  'a0000001-0000-0000-0000-00000000000a',
  ARRAY['Cardiology'],
  'MBBS, MD, DM Cardiology',
  'Senior cardiologist at Manipal Hospital Dwarka specializing in coronary interventions, echocardiography, and preventive cardiology.',
  false
),
(
  'b0000001-0000-0000-0000-000000000022',
  'Dr. Vivek Loomba',
  'dr-vivek-loomba',
  '/images/doctor-loomba.webp',
  20,
  'a0000001-0000-0000-0000-00000000000a',
  ARRAY['Orthopedics'],
  'MBBS, MS Orthopedics',
  'Orthopedic surgeon at Manipal Hospital Dwarka specializing in joint replacement, arthroscopy, and trauma surgery.',
  false
),
(
  'b0000001-0000-0000-0000-000000000023',
  'Dr. D.S. Rana',
  'dr-ds-rana',
  '/images/doctor-rana.webp',
  34,
  'a0000001-0000-0000-0000-000000000006',
  ARRAY['Nephrology'],
  'MBBS, MD, DM Nephrology',
  'Chairman of Nephrology at Sir Ganga Ram Hospital. Expert in kidney transplant, dialysis management, and chronic kidney disease care.',
  false
),
(
  'b0000001-0000-0000-0000-000000000024',
  'Dr. Pradeep Sethi',
  'dr-pradeep-sethi',
  '/images/doctor-sethi.webp',
  28,
  'a0000001-0000-0000-0000-000000000007',
  ARRAY['Paediatric Cardiac Surgery'],
  'MBBS, MS, MCh Cardiothoracic Surgery',
  'Vice Chairman of Paediatric Cardiac Surgery at BLK-Max. Has performed over 6,000 paediatric cardiac surgeries including complex neonatal heart defect repairs.',
  true
),
(
  'b0000001-0000-0000-0000-000000000025',
  'Dr. Anurag Saxena',
  'dr-anurag-saxena',
  '/images/doctor-saxena.webp',
  22,
  'a0000001-0000-0000-0000-000000000009',
  ARRAY['Oncology'],
  'MBBS, MD, DM Medical Oncology',
  'Senior medical oncologist at Fortis FMRI specializing in breast cancer, lung cancer, and hematological malignancies. Expert in targeted therapy and immunotherapy.',
  false
),
(
  'b0000001-0000-0000-0000-000000000026',
  'Dr. Amit Kumar',
  'dr-amit-kumar',
  '/images/doctor-amit-kumar.webp',
  20,
  'a0000001-0000-0000-0000-000000000003',
  ARRAY['Orthopedics'],
  'MBBS, MS Orthopedics',
  'Orthopedic surgeon at Apollo Hospitals specializing in joint replacement, spine surgery, and trauma management.',
  false
),
(
  'b0000001-0000-0000-0000-000000000027',
  'Dr. Raju Garg',
  'dr-raju-garg',
  '/images/doctor-garg.webp',
  22,
  'a0000001-0000-0000-0000-000000000003',
  ARRAY['Orthopedics'],
  'MBBS, MS Orthopedics, DNB',
  'Senior orthopedic surgeon at Apollo Indraprastha specializing in hip and knee replacement, arthroscopy, and sports injury management.',
  false
),
(
  'b0000001-0000-0000-0000-000000000028',
  'Dr. Sushant Srivastava',
  'dr-sushant-srivastava',
  '/images/doctor-srivastava.webp',
  18,
  'a0000001-0000-0000-0000-000000000003',
  ARRAY['Urology'],
  'MBBS, MS, MCh Urology',
  'Urologist at Apollo Indraprastha specializing in robotic prostate surgery, kidney stone treatment, and uro-oncology.',
  false
),
(
  'b0000001-0000-0000-0000-000000000029',
  'Dr. Z S Meharwal',
  'dr-zs-meharwal',
  '/images/doctor-meharwal.webp',
  32,
  'a0000001-0000-0000-0000-000000000004',
  ARRAY['Cardiac Surgery'],
  'MBBS, MS, MCh Cardiothoracic Surgery',
  'Senior cardiac surgeon at Fortis Escorts specializing in beating heart bypass surgery, valve repair, and aortic surgery.',
  false
),
(
  'b0000001-0000-0000-0000-000000000030',
  'Dr. Atul Aggarwal',
  'dr-atul-aggarwal',
  '/images/doctor-aggarwal.webp',
  24,
  'a0000001-0000-0000-0000-000000000005',
  ARRAY['Neurology'],
  'MBBS, MD, DM Neurology',
  'Senior neurologist at Max Saket specializing in stroke management, epilepsy, Parkinson''s disease, and dementia care.',
  false
),
(
  'b0000001-0000-0000-0000-000000000031',
  'Dr. Simmardeep Gill',
  'dr-simmardeep-gill',
  '/images/doctor-gill.webp',
  20,
  'a0000001-0000-0000-0000-000000000009',
  ARRAY['Neurology'],
  'MBBS, MD, DM Neurology',
  'Neurologist at Fortis FMRI specializing in stroke interventions, neurocritical care, and multiple sclerosis management.',
  false
),
(
  'b0000001-0000-0000-0000-000000000032',
  'Dr. Archana Verma',
  'dr-archana-verma',
  '/images/doctor-verma.webp',
  22,
  'a0000001-0000-0000-0000-000000000010',
  ARRAY['Ophthalmology'],
  'MBBS, MS, FRCS Ophthalmology',
  'Senior ophthalmologist at Moolchand Hospital specializing in cataract surgery, retinal disorders, and LASIK procedures.',
  false
),
(
  'b0000001-0000-0000-0000-000000000033',
  'Dr. Alok Gupta',
  'dr-alok-gupta',
  '/images/doctor-alok-gupta.webp',
  20,
  'a0000001-0000-0000-0000-000000000011',
  ARRAY['Orthopedics'],
  'MBBS, MS Orthopedics',
  'Orthopedic surgeon at Columbia Asia Hospital Gurugram specializing in joint replacement, arthroscopy, and sports injuries.',
  false
),
(
  'b0000001-0000-0000-0000-000000000034',
  'Dr. Vivek Bansal',
  'dr-vivek-bansal',
  '/images/doctor-bansal.webp',
  18,
  'a0000001-0000-0000-0000-00000000000e',
  ARRAY['Gastroenterology'],
  'MBBS, MD, DM Gastroenterology',
  'Gastroenterologist at Paras Hospital specializing in therapeutic endoscopy, liver disease management, and bariatric surgery support.',
  false
),
(
  'b0000001-0000-0000-0000-000000000035',
  'Dr. Rajendra Kumar',
  'dr-rajendra-kumar',
  '/images/doctor-rajendra-kumar.webp',
  26,
  'a0000001-0000-0000-0000-00000000000f',
  ARRAY['Cardiology'],
  'MBBS, MD, DM Cardiology',
  'Senior cardiologist at Narayana Superspeciality Hospital Gurugram specializing in high-volume coronary interventions and heart failure management.',
  false
)
ON CONFLICT (slug) DO NOTHING;

-- ─── Treatments ────────────────────────────────────────────
INSERT INTO treatments (id, name, slug, category, cost_usd_min, cost_usd_max, description, is_featured) VALUES
  ('d0000001-0000-0000-0000-000000000001', 'Knee Replacement', 'knee-replacement', 'Orthopedics', 6500, 8500, 'Total and partial knee replacement options with leading orthopedic surgeons, modern implants, physiotherapy, and recovery support.', true),
  ('d0000001-0000-0000-0000-000000000002', 'Hip Replacement', 'hip-replacement', 'Orthopedics', 7000, 9500, 'Hip replacement surgery packages covering pre-surgery evaluation, implant selection, hospital stay, and rehabilitation guidance.', true),
  ('d0000001-0000-0000-0000-000000000003', 'Spine Surgery', 'spine-surgery', 'Neurology', 8000, 12000, 'Advanced spine surgery options for disc, deformity, and nerve compression conditions with multidisciplinary care planning.', true),
  ('d0000001-0000-0000-0000-000000000004', 'Hair Transplant', 'hair-transplant', 'Cosmetic', 2000, 4000, 'FUE and FUT hair restoration options with transparent graft planning, procedure-day support, and post-treatment care instructions.', false),
  ('d0000001-0000-0000-0000-000000000005', 'IVF Treatment', 'ivf-treatment', 'Fertility', 3000, 6000, 'Fertility treatment coordination including IVF cycles, diagnostics, embryo transfer, and specialist follow-up.', true),
  ('d0000001-0000-0000-0000-000000000006', 'Bariatric Surgery', 'bariatric-surgery', 'Gastroenterology', 5000, 7500, 'Weight-loss surgery options including gastric sleeve and bypass with diet planning, pre-op checks, and recovery guidance.', false),
  ('d0000001-0000-0000-0000-000000000007', 'Heart Bypass Surgery', 'heart-bypass-surgery', 'Cardiology', 7000, 10000, 'CABG treatment planning with cardiac surgeon opinions, pre-operative evaluation, ICU stay guidance, and rehabilitation support.', true),
  ('d0000001-0000-0000-0000-000000000008', 'Angioplasty', 'angioplasty', 'Cardiology', 3500, 6500, 'Coronary angioplasty and stent options with transparent device-cost discussion and cardiology follow-up planning.', true),
  ('d0000001-0000-0000-0000-000000000009', 'Bone Marrow Transplant', 'bone-marrow-transplant', 'Oncology', 18000, 35000, 'Transplant evaluation coordination for hematology patients, including donor planning, hospital stay expectations, and infection-safety guidance.', false),
  ('d0000001-0000-0000-0000-000000000010', 'Liver Transplant', 'liver-transplant', 'Transplant', 28000, 45000, 'Liver transplant opinion and hospital coordination for eligible patients, with donor evaluation and extended-stay planning.', true),
  ('d0000001-0000-0000-0000-000000000011', 'Kidney Transplant', 'kidney-transplant', 'Transplant', 14000, 22000, 'Kidney transplant coordination including nephrology review, donor compatibility guidance, hospital admission, and post-transplant follow-up.', true),
  ('d0000001-0000-0000-0000-000000000012', 'Dental Implants', 'dental-implants', 'Dental', 800, 3000, 'Single and full-mouth implant treatment planning with dental imaging, implant-system choices, and staged-visit coordination.', false),
  ('d0000001-0000-0000-0000-000000000013', 'Robotic Prostate Surgery', 'robotic-prostate-surgery', 'Urology', 6500, 9500, 'Robotic urology surgery options with specialist review, diagnostic workup coordination, and recovery-stay support.', false),
  ('d0000001-0000-0000-0000-000000000014', 'Cataract Surgery', 'cataract-surgery', 'Ophthalmology', 900, 2500, 'Cataract treatment coordination with lens-option discussion, day-care procedure planning, and follow-up appointment support.', false)
ON CONFLICT (slug) DO NOTHING;

-- ─── Doctor-Hospital Join Table ────────────────────────────
INSERT INTO doctor_hospital (doctor_id, hospital_id) VALUES
  ('b0000001-0000-0000-0000-000000000001', 'a0000001-0000-0000-0000-000000000001'),
  ('b0000001-0000-0000-0000-000000000002', 'a0000001-0000-0000-0000-000000000002'),
  ('b0000001-0000-0000-0000-000000000003', 'a0000001-0000-0000-0000-000000000001'),
  ('b0000001-0000-0000-0000-000000000004', 'a0000001-0000-0000-0000-000000000004'),
  ('b0000001-0000-0000-0000-000000000005', 'a0000001-0000-0000-0000-000000000002'),
  ('b0000001-0000-0000-0000-000000000006', 'a0000001-0000-0000-0000-000000000002'),
  ('b0000001-0000-0000-0000-000000000007', 'a0000001-0000-0000-0000-000000000002'),
  ('b0000001-0000-0000-0000-000000000008', 'a0000001-0000-0000-0000-000000000002'),
  ('b0000001-0000-0000-0000-000000000009', 'a0000001-0000-0000-0000-000000000003'),
  ('b0000001-0000-0000-0000-000000000010', 'a0000001-0000-0000-0000-000000000005'),
  ('b0000001-0000-0000-0000-000000000011', 'a0000001-0000-0000-0000-000000000006'),
  ('b0000001-0000-0000-0000-000000000012', 'a0000001-0000-0000-0000-000000000006'),
  ('b0000001-0000-0000-0000-000000000013', 'a0000001-0000-0000-0000-000000000005'),
  ('b0000001-0000-0000-0000-000000000014', 'a0000001-0000-0000-0000-000000000007'),
  ('b0000001-0000-0000-0000-000000000015', 'a0000001-0000-0000-0000-000000000008'),
  ('b0000001-0000-0000-0000-000000000016', 'a0000001-0000-0000-0000-000000000009'),
  ('b0000001-0000-0000-0000-000000000017', 'a0000001-0000-0000-0000-00000000000b'),
  ('b0000001-0000-0000-0000-000000000018', 'a0000001-0000-0000-0000-000000000008'),
  ('b0000001-0000-0000-0000-000000000019', 'a0000001-0000-0000-0000-000000000008'),
  ('b0000001-0000-0000-0000-000000000020', 'a0000001-0000-0000-0000-000000000007'),
  ('b0000001-0000-0000-0000-000000000021', 'a0000001-0000-0000-0000-00000000000a'),
  ('b0000001-0000-0000-0000-000000000022', 'a0000001-0000-0000-0000-00000000000a'),
  ('b0000001-0000-0000-0000-000000000023', 'a0000001-0000-0000-0000-000000000006'),
  ('b0000001-0000-0000-0000-000000000024', 'a0000001-0000-0000-0000-000000000007'),
  ('b0000001-0000-0000-0000-000000000025', 'a0000001-0000-0000-0000-000000000009'),
  ('b0000001-0000-0000-0000-000000000026', 'a0000001-0000-0000-0000-000000000001'),
  ('b0000001-0000-0000-0000-000000000027', 'a0000001-0000-0000-0000-000000000003'),
  ('b0000001-0000-0000-0000-000000000028', 'a0000001-0000-0000-0000-000000000003'),
  ('b0000001-0000-0000-0000-000000000029', 'a0000001-0000-0000-0000-000000000004'),
  ('b0000001-0000-0000-0000-000000000030', 'a0000001-0000-0000-0000-000000000005'),
  ('b0000001-0000-0000-0000-000000000031', 'a0000001-0000-0000-0000-000000000009'),
  ('b0000001-0000-0000-0000-000000000032', 'a0000001-0000-0000-0000-000000000010'),
  ('b0000001-0000-0000-0000-000000000033', 'a0000001-0000-0000-0000-000000000011'),
  ('b0000001-0000-0000-0000-000000000034', 'a0000001-0000-0000-0000-00000000000e'),
  ('b0000001-0000-0000-0000-000000000035', 'a0000001-0000-0000-0000-00000000000f')
ON CONFLICT DO NOTHING;

-- ─── Doctor-Specialty Join Table ───────────────────────────
INSERT INTO doctor_specialties (doctor_id, specialty_id) VALUES
  ('b0000001-0000-0000-0000-000000000001', 'c0000001-0000-0000-0000-000000000001'),
  ('b0000001-0000-0000-0000-000000000002', 'c0000001-0000-0000-0000-000000000001'),
  ('b0000001-0000-0000-0000-000000000003', 'c0000001-0000-0000-0000-000000000003'),
  ('b0000001-0000-0000-0000-000000000004', 'c0000001-0000-0000-0000-000000000001'),
  ('b0000001-0000-0000-0000-000000000005', 'c0000001-0000-0000-0000-000000000004'),
  ('b0000001-0000-0000-0000-000000000006', 'c0000001-0000-0000-0000-000000000003'),
  ('b0000001-0000-0000-0000-000000000007', 'c0000001-0000-0000-0000-000000000002'),
  ('b0000001-0000-0000-0000-000000000008', 'c0000001-0000-0000-0000-000000000009'),
  ('b0000001-0000-0000-0000-000000000009', 'c0000001-0000-0000-0000-000000000003'),
  ('b0000001-0000-0000-0000-000000000010', 'c0000001-0000-0000-0000-000000000003'),
  ('b0000001-0000-0000-0000-000000000011', 'c0000001-0000-0000-0000-000000000001'),
  ('b0000001-0000-0000-0000-000000000012', 'c0000001-0000-0000-0000-000000000005'),
  ('b0000001-0000-0000-0000-000000000013', 'c0000001-0000-0000-0000-000000000004'),
  ('b0000001-0000-0000-0000-000000000014', 'c0000001-0000-0000-0000-000000000002'),
  ('b0000001-0000-0000-0000-000000000015', 'c0000001-0000-0000-0000-000000000008'),
  ('b0000001-0000-0000-0000-000000000016', 'c0000001-0000-0000-0000-000000000009'),
  ('b0000001-0000-0000-0000-000000000017', 'c0000001-0000-0000-0000-000000000002'),
  ('b0000001-0000-0000-0000-000000000018', 'c0000001-0000-0000-0000-000000000001'),
  ('b0000001-0000-0000-0000-000000000019', 'c0000001-0000-0000-0000-000000000002'),
  ('b0000001-0000-0000-0000-000000000020', 'c0000001-0000-0000-0000-000000000008'),
  ('b0000001-0000-0000-0000-000000000021', 'c0000001-0000-0000-0000-000000000001'),
  ('b0000001-0000-0000-0000-000000000022', 'c0000001-0000-0000-0000-000000000002'),
  ('b0000001-0000-0000-0000-000000000023', 'c0000001-0000-0000-0000-000000000006'),
  ('b0000001-0000-0000-0000-000000000024', 'c0000001-0000-0000-0000-000000000001'),
  ('b0000001-0000-0000-0000-000000000025', 'c0000001-0000-0000-0000-000000000004'),
  ('b0000001-0000-0000-0000-000000000026', 'c0000001-0000-0000-0000-000000000002'),
  ('b0000001-0000-0000-0000-000000000027', 'c0000001-0000-0000-0000-000000000002'),
  ('b0000001-0000-0000-0000-000000000028', 'c0000001-0000-0000-0000-000000000007'),
  ('b0000001-0000-0000-0000-000000000029', 'c0000001-0000-0000-0000-000000000001'),
  ('b0000001-0000-0000-0000-000000000030', 'c0000001-0000-0000-0000-000000000003'),
  ('b0000001-0000-0000-0000-000000000031', 'c0000001-0000-0000-0000-000000000003'),
  ('b0000001-0000-0000-0000-000000000032', 'c0000001-0000-0000-0000-000000000011'),
  ('b0000001-0000-0000-0000-000000000033', 'c0000001-0000-0000-0000-000000000002'),
  ('b0000001-0000-0000-0000-000000000034', 'c0000001-0000-0000-0000-000000000005'),
  ('b0000001-0000-0000-0000-000000000035', 'c0000001-0000-0000-0000-000000000001')
ON CONFLICT DO NOTHING;

-- ─── Hotels near Delhi Hospitals ──────────────────────────
INSERT INTO hotels (id, name, address, hospital_id, stars, price_range, booking_url, photo_url) VALUES
  ('80000001-0000-0000-0000-000000000001', 'The Medicity Suites', 'Sector 38, Gurugram', 'a0000001-0000-0000-0000-000000000002', 4, '$$$', NULL, NULL),
  ('80000001-0000-0000-0000-000000000002', 'Delhi Care Residency', 'Sarita Vihar, New Delhi', 'a0000001-0000-0000-0000-000000000003', 3, '$$', NULL, NULL),
  ('80000001-0000-0000-0000-000000000003', 'FMRI Patient Apartments', 'Sector 44, Gurugram', 'a0000001-0000-0000-0000-000000000009', 4, '$$$', NULL, NULL),
  ('80000001-0000-0000-0000-000000000005', 'Fortis Escorts Guest House', 'Okhla Road, New Delhi', 'a0000001-0000-0000-0000-000000000004', 3, '$$', NULL, NULL),
  ('80000001-0000-0000-0000-000000000006', 'Max Saket International Stay', 'Saket, New Delhi', 'a0000001-0000-0000-0000-000000000005', 4, '$$$', NULL, NULL),
  ('80000001-0000-0000-0000-000000000007', 'BLK Patient Comfort Inn', 'Pusa Road, New Delhi', 'a0000001-0000-0000-0000-000000000007', 3, '$$', NULL, NULL),
  ('80000001-0000-0000-0000-000000000008', 'Artemis Recovery Residency', 'Sector 51, Gurugram', 'a0000001-0000-0000-0000-000000000008', 4, '$$$', NULL, NULL),
  ('80000001-0000-0000-0000-000000000009', 'Sir Ganga Ram Guest Rooms', 'Rajendra Place, New Delhi', 'a0000001-0000-0000-0000-000000000006', 3, '$$', NULL, NULL),
  ('80000001-0000-0000-0000-000000000010', 'Dwarka Medistay', 'Sector 12, Dwarka, New Delhi', 'a0000001-0000-0000-0000-00000000000a', 3, '$$', NULL, NULL)
ON CONFLICT DO NOTHING;

-- ─── Insurance Companies ──────────────────────────────────
INSERT INTO insurance_companies (id, name, slug, description) VALUES
  ('e0000001-0000-0000-0000-000000000001', 'AAR Insurance Africa', 'aar-insurance-africa', 'Leading insurance provider in Kenya and East Africa offering comprehensive health coverage.'),
  ('e0000001-0000-0000-0000-000000000002', 'Allianz Care', 'allianz-care', 'Global health insurance provider with extensive international coverage and medical tourism benefits.'),
  ('e0000001-0000-0000-0000-000000000003', 'Britam Health Insurance', 'britam-health-insurance', 'Major insurance company in Kenya offering comprehensive health and medical cover across East Africa.'),
  ('e0000001-0000-0000-0000-000000000004', 'Bupa Global', 'bupa-global', 'International health insurance specialist with worldwide coverage including India treatment options.'),
  ('e0000001-0000-0000-0000-000000000005', 'Cigna Global', 'cigna-global', 'Global health insurance provider with extensive network coverage for medical treatment in India.'),
  ('e0000001-0000-0000-0000-000000000006', 'Jubilee Insurance', 'jubilee-insurance', 'East Africa''s premier insurance company providing comprehensive health insurance across the region.'),
  ('e0000001-0000-0000-0000-000000000007', 'SHA Kenya', 'sha-kenya', 'Social Health Authority of Kenya - national health insurance scheme covering treatment abroad.'),
  ('e0000001-0000-0000-0000-000000000008', 'UAP Old Mutual Insurance', 'uap-old-mutual-insurance', 'Major insurance provider in East Africa offering comprehensive health and medical insurance products.')
ON CONFLICT (slug) DO NOTHING;

-- ─── Testimonials ─────────────────────────────────────────
INSERT INTO testimonials (id, patient_name, country, treatment, video_url, text_content, rating, is_approved) VALUES
  ('f0000001-0000-0000-0000-000000000001', 'Grace Mwangi', 'Kenya', 'Knee Replacement', 'https://www.youtube.com/watch?v=oB2GzmHqVBM', 'I had been suffering from knee pain for years. Asians Healthcare made everything easy - from my visa to hospital stay. The doctors were exceptional.', 5, true),
  ('f0000001-0000-0000-0000-000000000002', 'Ahmed Al-Rashid', 'Iraq', 'Liver Transplant', 'https://www.youtube.com/watch?v=3rUulNKF26s', 'Finding a reliable medical tourism facilitator was my biggest concern. Asians Healthcare exceeded all expectations and coordinated everything perfectly.', 5, true),
  ('f0000001-0000-0000-0000-000000000003', 'Fatima Okafor', 'Nigeria', 'IVF Treatment', 'https://www.youtube.com/watch?v=O-Dp9aHZldA', 'After years of trying, Asians Healthcare helped us start our family. The entire team was supportive and professional.', 5, true),
  ('f0000001-0000-0000-0000-000000000004', 'James Mwangi', 'Kenya', 'Cardiac Bypass', NULL, 'My heart surgery at Medanta was life-changing. The coordination by Asians Healthcare was flawless from Nairobi to Delhi and back.', 5, true),
  ('f0000001-0000-0000-0000-000000000005', 'Aisha Mohammed', 'Nigeria', 'Knee Replacement', NULL, 'I can walk without pain for the first time in 10 years. Thank you to the entire team at Asians Healthcare for making this possible.', 5, false),
  ('f0000001-0000-0000-0000-000000000006', 'Raj Patel', 'United Kingdom', 'Hip Replacement', NULL, 'The cost savings were substantial but the quality of care was world-class. I would recommend Asians Healthcare to anyone considering treatment in India.', 5, true),
  ('f0000001-0000-0000-0000-000000000007', 'Nadia Khan', 'Bangladesh', 'Kidney Transplant', NULL, 'My brother received a life-saving kidney transplant through Asians Healthcare. The coordination, hospital selection, and follow-up were outstanding.', 5, true),
  ('f0000001-0000-0000-0000-000000000008', 'Samuel Ochieng', 'Kenya', 'Spine Surgery', NULL, 'After my spine surgery at Indian Spinal Injuries Centre, I am back to work. The care I received was beyond my expectations.', 5, false)
ON CONFLICT DO NOTHING;

-- ─── Site Settings (image defaults) ──────────────────────
-- These match the existing 59 WebP images in public/images/
INSERT INTO site_settings (key, value) VALUES
  ('image_home_hero', '/images/home-hero.webp'),
  ('image_home_support', '/images/home-support.webp'),
  ('image_home_cost', '/images/home-cost.webp'),
  ('image_home_opinion', '/images/home-opinion.webp'),
  ('image_home_hospital_match', '/images/home-hospital-match.webp'),
  ('image_home_visa_travel', '/images/home-visa-travel.webp'),
  ('image_home_airport_pickup', '/images/home-airport-pickup.webp'),
  ('image_home_interpreter', '/images/home-interpreter.webp'),
  ('image_home_followup', '/images/home-followup.webp'),
  ('image_treatment_cardiac', '/images/treatment-cardiac.webp'),
  ('image_treatment_ortho', '/images/treatment-ortho.webp'),
  ('image_treatment_oncology', '/images/treatment-oncology.webp'),
  ('image_treatment_transplant', '/images/treatment-transplant.webp'),
  ('image_treatment_knee', '/images/treatment-knee.webp'),
  ('image_treatment_hip', '/images/treatment-hip.webp'),
  ('image_treatment_spine', '/images/treatment-spine.webp'),
  ('image_treatment_heart_bypass', '/images/treatment-heart-bypass.webp'),
  ('image_treatment_angioplasty', '/images/treatment-angioplasty.webp'),
  ('image_treatment_bmt', '/images/treatment-bmt.webp'),
  ('image_treatment_liver', '/images/treatment-liver.webp'),
  ('image_treatment_kidney', '/images/treatment-kidney.webp'),
  ('image_treatment_ivf', '/images/treatment-ivf.webp'),
  ('image_treatment_dental', '/images/treatment-dental.webp'),
  ('image_treatment_bariatric', '/images/treatment-bariatric.webp'),
  ('image_treatment_hair', '/images/treatment-hair.webp'),
  ('image_treatment_prostate', '/images/treatment-prostate.webp'),
  ('image_treatment_cataract', '/images/treatment-cataract.webp'),
  ('image_specialty_cardiology', '/images/specialty-cardiology.webp'),
  ('image_specialty_orthopedics', '/images/specialty-orthopedics.webp'),
  ('image_specialty_neurology', '/images/specialty-neurology.webp'),
  ('image_specialty_oncology', '/images/specialty-oncology.webp'),
  ('image_specialty_gastroenterology', '/images/specialty-gastroenterology.webp'),
  ('image_specialty_nephrology', '/images/specialty-nephrology.webp'),
  ('image_specialty_urology', '/images/specialty-urology.webp'),
  ('image_specialty_fertility', '/images/specialty-fertility.webp'),
  ('image_specialty_transplant', '/images/specialty-transplant.webp'),
  ('image_specialty_dental', '/images/specialty-dental.webp'),
  ('image_specialty_ophthalmology', '/images/specialty-ophthalmology.webp'),
  ('image_specialty_cosmetic', '/images/specialty-cosmetic.webp'),
  ('image_about_hero', '/images/about-hero.webp'),
  ('image_about_opinion', '/images/about-opinion.webp'),
  ('image_about_hospital_network', '/images/about-hospital-network.webp'),
  ('image_about_travel_support', '/images/about-travel-support.webp'),
  ('image_tourism_hero', '/images/tourism-hero.webp'),
  ('image_tourism_delhi_ncr', '/images/tourism-delhi.webp'),
  ('image_tourism_agra', '/images/tourism-agra.webp'),
  ('image_tourism_jaipur', '/images/tourism-jaipur.webp'),
  ('image_tourism_kerala', '/images/tourism-kerala.webp'),
  ('image_tourism_mumbai', '/images/tourism-mumbai.webp'),
  ('image_tourism_goa', '/images/tourism-goa.webp'),
  ('image_doctors_hero', '/images/doctors-hero.webp'),
  ('image_hospitals_hero', '/images/hospitals-hero.webp'),
  ('image_treatments_hero', '/images/treatments-hero.webp'),
  ('image_specialities_hero', '/images/specialities-hero.webp'),
  ('image_contact_hero', '/images/contact-hero.webp'),
  ('image_hotels_hero', '/images/hotels-hero.webp'),
  ('image_insurance_hero', '/images/insurance-hero.webp'),
  ('image_blogs_hero', '/images/blogs-hero.webp'),
  ('image_testimonials_hero', '/images/testimonials-hero.webp')
ON CONFLICT (key) DO NOTHING;

-- ─── Admin User (first super admin) ──────────────────────
INSERT INTO admin_users (email, role) VALUES ('admin@asianshealthcare.com', 'super_admin')
ON CONFLICT (email) DO NOTHING;




